{
"0" : [53.515, -10.91, 0.001],
"1" : [53.5115,-44.1792,0.000999],
"2" : [46.9293,-51.8992,0.000999],
"3" : [39.7156,-43.7841,0.001001],
"4" : [39.7389,-29.6589,0.000998],
"5" : [39.7389,-29.6589,0.000998],
"6" : [33.2667,-23.1527,0.000999],
"7" : [0.499057,-23.1493,0.000998],
"8" : [-4.08421,-24.6336,0.001001],
"9" : [-6.43206,-29.7141,0.001001],
"10" : [-6.37589,-32.5552,0.000999],
"11" : [-8.77928,-40.7072,0.001],
"12" : [-15.4598,-46.0368,0.000999],
"13" : [-22.7429,-46.7665,0.000999],
"14" : [-27.7559,-45.7617,0.001001],
"15" : [-40.9726,-38.7525,0.000999],
"16" : [-53.0464,-17.4242,0.000998],
"17" : [-49.6602,4.25966,0.001001],
"18" : [-32.4939,20.5118,0.001001],
"19" : [-32.4939,20.5118,0.001001],
"20" : [1.97486,31.88,0.000998],
"21" : [4.44338,33.4772,0.001002],
"22" : [6.25912,38.1437,0.000998],
"23" : [6.2561,44.6896,0.000998],
"24" : [8.1994,49.7428,0.001],
"25" : [13.2375,51.9065,0.000998],
"26" : [18.8873,48.8185,0.001],
"27" : [20.0612,44.541,0.001],
"28" : [20.0464,38.3903,0.001],
"29" : [21.9374,33.4364,0.001],
"30" : [26.4328,31.5699,0.001],
"31" : [26.4328,31.5699,0.001],
"32" : [29.6425,32.3985,2e-06],
"33" : [32.7906,38.3553,0.000998],
"34" : [34.9679,46.4667,0.001001],
"35" : [46.2056,48.3953,0.001001],
"36" : [52.5852,44.8785,0.000998],
"37" : [53.5102,40.5511,0.000999]
}

